{"chunk_definitions":[{"row":34,"row_count":1,"visible":true,"expansion_state":0,"options":{"engine":"r","label":"librerias","echo":false,"warning":false,"message":false,"collapse":true,"dev":"png"},"document_id":"62B19A33","chunk_id":"c0gr4scib7l3m","chunk_label":"librerias"},{"row":40,"row_count":1,"visible":true,"expansion_state":0,"options":{"engine":"r","label":"datos","echo":false,"warning":false,"message":false,"dev":"png"},"document_id":"62B19A33","chunk_id":"c2aunkb6h3lak","chunk_label":"datos"}],"doc_write_time":1732062905}